no,measurement x,measurement y,reference x,reference y
0,2071,4075,2000.00,4000.00
1,2012,4228,1988.58,3999.97
2,2064,4109,1977.15,3999.87
3,2063,4160,1965.73,3999.71
4,2023,4149,1954.31,3999.48
5,2013,4186,1942.89,3999.18
6,1994,4137,1931.47,3998.83
7,1930,4210,1920.05,3998.40
8,1944,4264,1908.64,3997.91
9,1893,4391,1897.23,3997.36
10,1801,4389,1885.82,3996.74
11,1770,4422,1874.42,3996.05
12,1837,4225,1863.02,3995.30
13,1637,2863,1851.62,3994.49
14,1752,4119,1840.23,3993.61
15,1871,4178,1828.85,3992.66
16,1869,4145,1817.47,3991.65
17,1815,4185,1806.10,3990.58
18,1605,2779,1794.73,3989.44
19,1852,4164,1783.37,3988.23
20,1595,2763,1772.02,3986.96
21,1771,4874,1760.67,3985.63
22,1740,4320,1749.33,3984.23
23,1618,4419,1738.00,3982.77
24,1537,4519,1726.68,3981.24
25,1349,4376,1715.37,3979.64
26,1575,4507,1704.07,3977.98
27,1707,4230,1692.77,3976.26
28,1717,4274,1681.49,3974.48
29,1741,4195,1670.22,3972.62
30,1756,4191,1658.96,3970.71
31,1735,4145,1647.70,3968.73
32,1677,4115,1636.47,3966.68
33,1701,4122,1625.24,3964.57
34,1839,4104,1614.02,3962.40
35,1668,4130,1602.82,3960.17
36,1601,4110,1591.63,3957.86
37,1620,4072,1580.45,3955.50
38,1573,4142,1569.29,3953.07
39,1622,4107,1558.14,3950.58
40,1650,4152,1547.01,3948.02
41,1646,4130,1535.89,3945.40
42,1664,4148,1524.78,3942.72
43,1664,4109,1513.69,3939.98
44,1633,4121,1502.62,3937.17
45,1596,4114,1491.56,3934.29
46,1603,4129,1480.52,3931.36
47,1564,4141,1469.50,3928.36
48,1552,4146,1458.49,3925.30
49,1528,4149,1447.51,3922.17
50,1531,4114,1436.53,3918.99
51,1492,4139,1425.58,3915.74
52,1459,4159,1414.65,3912.42
53,1432,4128,1403.74,3909.05
54,1297,4103,1392.84,3905.61
55,1315,4226,1381.97,3902.11
56,958,2633,1371.11,3898.55
57,1523,4144,1360.28,3894.93
58,1366,4110,1349.46,3891.24
59,1539,4134,1338.67,3887.50
60,1447,4091,1327.90,3883.69
61,1289,4106,1317.15,3879.82
62,859,2546,1306.43,3875.89
63,1289,4087,1285.04,3867.84
64,1325,4132,1274.38,3863.73
65,1526,4081,1263.75,3859.55
66,1401,4066,1253.14,3855.32
67,1346,4110,1242.56,3851.02
68,1398,4064,1232.00,3846.66
69,1386,4094,1221.46,3842.25
70,1391,4119,1210.95,3837.77
71,1344,4013,1200.47,3833.23
72,1180,3978,1190.01,3828.64
73,1297,4009,1179.58,3823.98
74,1337,3976,1169.17,3819.26
75,1368,4015,1158.79,3814.49
76,1411,4048,1148.44,3809.65
77,1417,4026,1138.12,3804.76
78,1140,3996,1127.82,3799.81
79,1233,4032,1117.56,3794.80
80,1251,4029,1107.32,3789.73
81,1255,3997,1097.11,3784.60
82,1225,3998,1086.93,3779.41
83,1178,3979,1076.78,3774.17
84,1198,3907,1066.67,3768.87
85,1224,3936,1056.58,3763.51
86,1197,3935,1046.52,3758.09
87,969,2844,1036.49,3752.61
88,1218,3917,1026.50,3747.08
89,1204,3921,1016.53,3741.49
90,1199,3940,1006.60,3735.85
91,1224,3883,996.70,3730.14
92,1198,3931,986.84,3724.38
93,963,3924,977.00,3718.57
94,1194,3981,967.21,3712.70
95,1173,3908,957.44,3706.77
96,1144,3873,947.71,3700.79
97,1172,3891,938.01,3694.75
98,1201,3892,928.35,3688.66
99,1202,3871,918.72,3682.51
100,1190,3857,909.13,3676.30
101,1207,3887,899.57,3670.05
102,1205,3879,890.05,3663.73
103,850,2741,880.56,3657.37
104,1010,3760,871.11,3650.94
105,808,3509,861.70,3644.47
106,766,3647,852.33,3637.94
107,743,3768,842.99,3631.36
108,853,3508,833.69,3624.72
109,863,3526,824.43,3618.03
110,888,3563,815.21,3611.29
111,854,3556,806.02,3604.50
112,845,3581,796.88,3597.65
113,830,3559,787.77,3590.75
114,618,3749,778.70,3583.80
115,773,3524,769.68,3576.80
116,752,3515,760.69,3569.75
117,697,3494,751.74,3562.64
118,472,2759,742.84,3555.49
119,447,2784,733.98,3548.28
120,681,3520,725.15,3541.03
121,659,3430,716.37,3533.72
122,632,3442,707.63,3526.36
123,620,3424,698.93,3518.96
124,611,3391,690.28,3511.50
125,563,3392,681.67,3503.99
126,609,3448,673.10,3496.44
127,577,3423,664.57,3488.83
128,603,3449,656.09,3481.18
129,578,3389,647.65,3473.48
130,547,3375,639.26,3465.73
131,569,3396,630.91,3457.94
132,561,3409,622.60,3450.09
133,518,3344,614.34,3442.20
134,429,3362,606.12,3434.26
135,887,3569,597.96,3426.28
136,520,3346,589.83,3418.25
137,409,3343,581.75,3410.17
138,516,3359,573.72,3402.04
139,543,3353,565.74,3393.88
140,495,3563,557.80,3385.66
141,623,3378,549.91,3377.40
142,587,3348,542.06,3369.09
143,548,3356,534.27,3360.74
144,477,3332,526.52,3352.35
145,508,3312,518.82,3343.91
146,479,3301,511.17,3335.43
147,452,3294,503.56,3326.90
148,407,3260,496.01,3318.33
149,339,3193,488.50,3309.72
150,534,3063,481.04,3301.07
151,639,3351,473.64,3292.37
152,721,3326,466.28,3283.63
153,553,3203,458.97,3274.85
154,575,3337,451.72,3266.02
155,579,3333,444.51,3257.16
156,375,3237,437.36,3248.26
157,630,3350,430.25,3239.31
158,155,3373,423.20,3230.32
159,184,3181,416.20,3221.30
160,106,3138,409.25,3212.23
161,172,3135,402.35,3203.12
162,404,3221,395.50,3193.98
163,69,3123,388.71,3184.79
164,86,3112,381.97,3175.57
165,158,3134,375.28,3166.31
166,149,3127,368.64,3157.01
167,211,3133,362.06,3147.67
168,470,3204,355.53,3138.30
169,219,3159,349.06,3128.89
170,200,3160,342.63,3119.44
171,200,3169,336.27,3109.95
172,203,3187,329.95,3100.43
173,173,3169,323.70,3090.87
174,155,3149,317.49,3081.28
175,153,3087,311.34,3071.65
176,183,3062,305.25,3061.99
177,132,3050,299.21,3052.29
178,154,3018,293.23,3042.56
179,108,3018,287.30,3032.79
180,125,3018,281.43,3023.00
181,96,2963,275.62,3013.16
182,89,2972,269.86,3003.30
183,97,2957,264.15,2993.40
184,57,2969,258.51,2983.47
185,29,2929,252.92,2973.50
186,10,2903,247.39,2963.51
187,-39,2905,241.91,2953.48
188,-36,2885,236.49,2943.42
189,24,2872,231.13,2933.33
190,-52,2880,225.83,2923.22
191,17,2886,220.59,2913.07
192,-12,2912,215.40,2902.89
193,-118,2907,210.27,2892.68
194,-89,2949,205.20,2882.44
195,-100,2937,200.19,2872.18
196,-97,2905,195.24,2861.88
197,-113,2906,190.35,2851.56
198,-110,2921,185.51,2841.21
199,-134,2921,180.74,2830.83
200,-116,2882,176.02,2820.42
201,-119,2891,171.36,2809.99
202,-83,2854,166.77,2799.53
203,-91,2816,162.23,2789.05
204,-87,2808,157.75,2778.54
205,-108,2803,153.34,2768.00
206,-106,2669,148.98,2757.44
207,-106,2798,144.68,2746.86
208,-109,2795,140.45,2736.25
209,-159,2780,136.27,2725.62
210,-143,2745,132.16,2714.96
211,-120,2729,128.10,2704.28
212,-170,2733,124.11,2693.57
213,24,2757,120.18,2682.85
214,-198,2748,116.31,2672.10
215,-207,2740,112.50,2661.33
216,-199,2710,108.76,2650.54
217,-238,2709,105.07,2639.72
218,-42,2676,101.45,2628.89
219,-236,2667,97.89,2618.03
220,-244,2683,94.39,2607.16
221,-257,2619,90.95,2596.26
222,-273,2614,87.58,2585.35
223,-263,2573,84.26,2574.42
224,-236,2494,81.01,2563.47
225,-224,2551,77.83,2552.49
226,-272,2577,74.70,2541.51
227,-270,2577,71.64,2530.50
228,-269,2539,68.64,2519.48
229,-225,2620,65.71,2508.44
230,-268,2600,62.83,2497.38
231,-227,2585,60.02,2486.31
232,-265,2580,57.28,2475.22
233,-246,2560,54.60,2464.11
234,-305,2574,51.98,2452.99
235,-310,2544,49.42,2441.86
236,-297,2505,46.93,2430.71
237,-354,2621,44.50,2419.55
238,-338,2487,42.14,2408.37
239,-308,2500,39.83,2397.18
240,-366,2497,37.60,2385.98
241,-150,2484,35.43,2374.76
242,7,2468,33.32,2363.53
243,19,2446,31.27,2352.30
244,-43,2464,29.29,2341.04
245,35,2416,27.38,2329.78
246,20,2410,25.52,2318.51
247,3,2196,23.74,2307.23
248,-120,2364,22.02,2295.93
249,-96,2426,20.36,2284.63
250,-146,2452,18.76,2273.32
251,-220,2309,17.23,2262.00
252,-237,2304,15.77,2250.67
253,-299,2314,14.37,2239.33
254,-274,2259,13.04,2227.98
255,-272,2443,11.77,2216.63
256,-273,2277,10.56,2205.27
257,-300,2251,9.42,2193.90
258,-271,2298,8.35,2182.53
259,-256,2299,7.34,2171.15
260,-319,2097,6.39,2159.77
261,-256,2167,5.51,2148.38
262,-284,2101,4.70,2136.98
263,-305,2118,3.95,2125.58
264,-255,2128,3.26,2114.18
265,-283,2095,2.64,2102.77
266,-213,2060,2.09,2091.36
267,-237,2045,1.60,2079.95
268,-272,2314,1.17,2068.53
269,-226,1971,0.82,2057.11
270,-186,2011,0.52,2045.69
271,-174,2060,0.29,2034.27
272,-83,2016,0.13,2022.85
273,-150,2042,0.03,2011.42
274,-99,2006,0.00,2000.00
275,-146,1988,0.03,1988.58
276,-126,1968,0.13,1977.15
277,-130,1867,0.29,1965.73
278,-148,1910,0.52,1954.31
279,-136,1934,0.82,1942.89
280,-219,2018,1.17,1931.47
281,-143,2142,1.60,1920.05
282,-206,2130,2.09,1908.64
283,-254,2136,2.64,1897.23
284,-220,2093,3.26,1885.82
285,-256,2030,3.95,1874.42
286,-237,1969,4.70,1863.02
287,-259,1938,5.51,1851.62
288,-284,1940,6.39,1840.23
289,-279,1860,7.34,1828.85
290,-261,1965,8.35,1817.47
291,-305,1944,9.42,1806.10
292,-332,1966,10.56,1794.73
293,-239,1954,11.77,1783.37
294,-237,1962,13.04,1772.02
295,-239,1949,14.37,1760.67
296,-254,1928,15.77,1749.33
297,-213,1885,17.23,1738.00
298,-218,1822,18.76,1726.68
299,-112,1833,20.36,1715.37
300,-86,1812,22.02,1704.07
301,-145,1804,23.74,1692.77
302,-130,1797,25.52,1681.49
303,-153,1760,27.38,1670.22
304,-139,1752,29.29,1658.96
305,-121,1736,31.27,1647.70
306,-137,1731,33.32,1636.47
307,-152,1716,35.43,1625.24
308,-195,1730,37.60,1614.02
309,-188,1721,39.83,1602.82
310,-218,1720,42.14,1591.63
311,-199,1726,44.50,1580.45
312,-204,1702,46.93,1569.29
313,-256,1684,49.42,1558.14
314,-165,1587,51.98,1547.01
315,-87,1679,54.60,1535.89
316,-222,1627,57.28,1524.78
317,-255,1705,60.02,1513.69
318,-268,1693,62.83,1502.62
319,-409,1740,65.71,1491.56
320,-259,1643,68.64,1480.52
321,-65,1694,71.64,1469.50
322,-186,1641,74.70,1458.49
323,-202,1606,77.83,1447.51
324,-194,1600,81.01,1436.53
325,-175,1627,84.26,1425.58
326,-153,1656,87.58,1414.65
327,-155,1621,90.95,1403.74
328,-105,1241,94.39,1392.84
329,-119,1295,97.89,1381.97
330,-102,1279,101.45,1371.11
331,-74,1274,105.07,1360.28
332,-129,1541,108.76,1349.46
333,-68,1272,112.50,1338.67
334,-96,1238,116.31,1327.90
335,-111,1232,120.18,1317.15
336,-118,1273,124.11,1306.43
337,-119,1294,128.10,1295.72
338,-110,1298,132.16,1285.04
339,-125,1304,136.27,1274.38
340,-121,1269,140.45,1263.75
341,-122,1233,144.68,1253.14
342,-118,1248,148.98,1242.56
343,-119,1228,153.34,1232.00
344,-131,1229,157.75,1221.46
345,-131,1266,162.23,1210.95
346,-107,1228,166.77,1200.47
347,-87,1209,171.36,1190.01
348,-109,1246,176.02,1179.58
349,-106,1200,180.74,1169.17
350,-94,1187,185.51,1158.79
351,-73,1210,190.35,1148.44
352,-70,1169,195.24,1138.12
353,-106,1228,200.19,1127.82
354,-113,1190,205.20,1117.56
355,-62,1104,210.27,1107.32
356,-126,1171,215.40,1097.11
357,-76,1109,220.59,1086.93
358,-101,1145,225.83,1076.78
359,-34,874,231.13,1066.67
360,-97,1117,236.49,1056.58
361,-95,1060,241.91,1046.52
362,-78,1074,247.39,1036.49
363,-191,1102,252.92,1026.50
364,-127,1084,258.51,1016.53
365,-202,1071,264.15,1006.60
366,-181,1094,269.86,996.70
367,-162,1077,275.62,986.84
368,-177,1048,281.43,977.00
369,-145,1031,287.30,967.21
370,-141,1028,293.23,957.44
371,-136,1023,299.21,947.71
372,-92,1043,305.25,938.01
373,-80,1005,311.34,928.35
374,-38,1017,317.49,918.72
375,-68,996,323.70,909.13
376,17,790,329.95,899.57
377,-1,981,336.27,890.05
378,80,971,342.63,880.56
379,-116,942,349.06,871.11
380,-87,947,355.53,861.70
381,-96,916,362.06,852.33
382,-73,902,368.64,842.99
383,-79,903,375.28,833.69
384,-39,931,381.97,824.43
385,-107,927,388.71,815.21
386,-97,876,395.50,806.02
387,-73,866,402.35,796.88
388,779,-824,409.25,787.77
389,-101,884,416.20,778.70
390,-99,860,423.20,769.68
391,-89,858,430.25,760.69
392,-137,892,437.36,751.74
393,793,-847,444.51,742.84
394,-88,887,458.97,725.15
395,-72,837,466.28,716.37
396,223,769,473.64,707.63
397,199,723,481.04,698.93
398,327,779,488.50,690.28
399,529,647,496.01,681.67
400,239,588,503.56,673.10
401,438,750,511.17,664.57
402,536,903,518.82,656.09
403,565,735,526.52,647.65
404,516,709,534.27,639.26
405,365,688,542.06,630.91
406,293,805,549.91,622.60
407,549,778,557.80,614.34
408,298,1164,565.74,606.12
409,539,680,573.72,597.96
410,518,691,581.75,589.83
411,570,694,589.83,581.75
412,506,520,597.96,573.72
413,581,652,606.12,565.74
414,603,654,614.34,557.80
415,605,640,622.60,549.91
416,671,686,630.91,542.06
417,574,679,639.26,534.27
418,644,681,647.65,526.52
419,561,710,656.09,518.82
420,554,662,664.57,511.17
421,607,569,673.10,503.56
422,1005,-583,681.67,496.01
423,607,572,690.28,488.50
424,664,503,698.93,481.04
425,743,498,707.63,473.64
426,585,481,716.37,466.28
427,971,-540,725.15,458.97
428,621,278,733.98,451.72
429,632,378,742.84,444.51
430,651,366,751.74,437.36
431,638,351,760.69,430.25
432,594,287,769.68,423.20
433,635,295,778.70,416.20
434,814,436,787.77,409.25
435,674,194,796.88,402.35
436,711,155,806.02,395.50
437,729,231,815.21,388.71
438,741,21,824.43,381.97
439,746,195,833.69,375.28
440,785,109,842.99,368.64
441,811,165,852.33,362.06
442,826,230,861.70,355.53
443,842,332,871.11,349.06
444,766,253,880.56,342.63
445,875,223,890.05,336.27
446,853,257,899.57,329.95
447,869,249,909.13,323.70
448,889,306,918.72,317.49
449,828,173,928.35,311.34
450,784,183,938.01,305.25
451,833,186,947.71,299.21
452,807,92,957.44,293.23
453,894,264,967.21,287.30
454,920,228,977.00,281.43
455,940,214,986.84,275.62
456,901,205,996.70,269.86
457,979,137,1006.60,264.15
458,976,148,1016.53,258.51
459,979,167,1026.50,252.92
460,1024,132,1036.49,247.39
461,978,167,1046.52,241.91
462,972,115,1056.58,236.49
463,967,153,1066.67,231.13
464,966,91,1076.78,225.83
465,948,82,1086.93,220.59
466,1009,60,1097.11,215.40
467,979,78,1107.32,210.27
468,1010,42,1117.56,205.20
469,1135,-327,1127.82,200.19
470,1020,30,1138.12,195.24
471,868,71,1148.44,190.35
472,1042,13,1158.79,185.51
473,1163,-336,1169.17,180.74
474,1062,31,1179.58,176.02
475,1059,-5,1190.01,171.36
476,1156,103,1200.47,166.77
477,1105,-77,1210.95,162.23
478,1091,-27,1221.46,157.75
479,1141,-52,1232.00,153.34
480,1141,-40,1242.56,148.98
481,1147,-40,1253.14,144.68
482,1145,-75,1263.75,140.45
483,1172,-44,1274.38,136.27
484,1153,-22,1285.04,132.16
485,1190,-84,1295.72,128.10
486,1226,-95,1306.43,124.11
487,1357,-462,1317.15,120.18
488,1220,-133,1327.90,116.31
489,1246,-108,1338.67,112.50
490,1326,-156,1349.46,108.76
491,1362,-186,1360.28,105.07
492,1342,-185,1371.11,101.45
493,1101,-81,1381.97,97.89
494,1286,-145,1392.84,94.39
495,1437,-47,1403.74,90.95
496,1443,-263,1414.65,87.58
497,1389,-183,1425.58,84.26
498,1350,-171,1436.53,81.01
499,1255,-105,1447.51,77.83
500,1208,-92,1458.49,74.70
501,1222,-106,1469.50,71.64
502,1578,-310,1480.52,68.64
503,1607,-96,1491.56,65.71
504,1435,-188,1502.62,62.83
505,1447,-173,1513.69,60.02
506,1577,-276,1524.78,57.28
507,1505,-204,1535.89,54.60
508,1434,-198,1547.01,51.98
509,1449,-212,1558.14,49.42
510,1574,-263,1569.29,46.93
511,1655,-282,1580.45,44.50
512,1593,-261,1591.63,42.14
513,1658,-112,1602.82,39.83
514,1590,-227,1614.02,37.60
515,1579,-227,1625.24,35.43
516,1596,-230,1636.47,33.32
517,1524,-239,1647.70,31.27
518,1531,-198,1658.96,29.29
519,1534,-200,1670.22,27.38
520,1592,-214,1681.49,25.52
521,1713,-502,1692.77,23.74
522,1636,-235,1704.07,22.02
523,1695,-230,1715.37,20.36
524,1733,-260,1726.68,18.76
525,1679,-285,1738.00,17.23
526,1703,-221,1749.33,15.77
527,1702,-258,1760.67,14.37
528,1636,-240,1772.02,13.04
529,1687,-238,1783.37,11.77
530,1670,-221,1794.73,10.56
531,1690,-249,1806.10,9.42
532,1725,-267,1817.47,8.35
533,1785,-296,1828.85,7.34
534,1788,-297,1840.23,6.39
535,1755,-287,1851.62,5.51
536,1690,-250,1863.02,4.70
537,1785,-243,1874.42,3.95
538,1838,-301,1885.82,3.26
539,1865,-278,1897.23,2.64
540,1880,-297,1908.64,2.09
541,1876,-274,1920.05,1.60
542,1750,-215,1931.47,1.17
543,1903,-332,1942.89,0.82
544,1921,-279,1954.31,0.52
545,1927,-292,1965.73,0.29
546,1945,-283,1977.15,0.13
547,2032,-185,1988.58,0.03
548,2018,-343,2000.00,0.00
549,2032,-320,2013.16,0.00
550,2053,-279,2026.32,0.00
551,2049,-305,2039.48,0.00
552,2064,-316,2052.64,0.00
553,2104,-314,2065.80,0.00
554,2116,-316,2078.96,0.00
555,2190,-378,2092.12,0.00
556,2156,-366,2105.28,0.00
557,2114,-309,2118.44,0.00
558,2077,-303,2131.60,0.00
559,2127,-321,2144.76,0.00
560,2206,-412,2157.92,0.00
561,2433,-464,2171.08,0.00
562,2091,-286,2184.24,0.00
563,1973,-220,2197.40,0.00
564,2091,-308,2210.56,0.00
565,2176,-324,2223.72,0.00
566,2226,-334,2236.88,0.00
567,2234,-313,2250.04,0.00
568,2303,-390,2263.20,0.00
569,2376,-402,2276.36,0.00
570,2055,-207,2289.52,0.00
571,2182,-421,2302.68,0.00
572,2158,-273,2315.84,0.00
573,2217,-240,2329.00,0.00
574,2291,-299,2342.16,0.00
575,2333,-310,2355.32,0.00
576,2177,-232,2368.48,0.00
577,2235,-231,2381.64,0.00
578,2169,-207,2394.80,0.00
579,2398,-325,2407.96,0.00
580,2407,-323,2421.12,0.00
581,2422,-295,2434.28,0.00
582,2404,-302,2447.44,0.00
583,2429,-316,2460.60,0.00
584,2424,-296,2473.76,0.00
585,2453,-299,2486.92,0.00
586,2339,-242,2500.08,0.00
587,2363,-250,2513.24,0.00
588,2393,-264,2526.40,0.00
589,2404,-245,2539.56,0.00
590,2447,-269,2552.72,0.00
591,2435,-254,2565.88,0.00
592,2455,-245,2579.04,0.00
593,2430,-221,2592.20,0.00
594,2445,-204,2605.36,0.00
595,2378,-170,2618.52,0.00
596,2404,-153,2631.68,0.00
597,2484,-187,2644.84,0.00
598,2474,-217,2658.00,0.00
599,2548,-213,2671.16,0.00
600,2714,-445,2684.32,0.00
601,2626,-252,2697.48,0.00
602,2611,-273,2710.64,0.00
603,2645,-278,2723.80,0.00
604,2655,-244,2736.96,0.00
605,2685,-226,2750.12,0.00
606,2715,-308,2763.28,0.00
607,2690,-260,2776.44,0.00
608,2538,-248,2789.60,0.00
609,2762,-326,2802.76,0.00
610,2727,-314,2815.92,0.00
611,2769,-312,2829.08,0.00
612,2781,-353,2842.24,0.00
613,2785,-331,2855.40,0.00
614,2754,-317,2868.56,0.00
615,2767,-321,2881.72,0.00
616,2712,-300,2894.88,0.00
617,2673,-282,2908.04,0.00
618,2697,-254,2921.20,0.00
619,2711,-297,2934.36,0.00
620,2812,-289,2947.52,0.00
621,2849,-284,2960.68,0.00
622,2862,-355,2973.84,0.00
623,2839,-317,2987.00,0.00
624,2952,-338,3000.16,0.00
625,3032,-353,3026.48,0.00
626,2924,-356,3039.64,0.00
627,3007,-373,3052.80,0.00
628,3035,-340,3065.96,0.00
629,3027,-307,3079.12,0.00
630,3035,-316,3092.28,0.00
631,3061,-335,3105.44,0.00
632,3013,-267,3118.60,0.00
633,3111,-422,3131.76,0.00
634,3068,-343,3144.92,0.00
635,3115,-387,3158.08,0.00
636,3130,-338,3171.24,0.00
637,3146,-372,3184.40,0.00
638,3238,-389,3197.56,0.00
639,3257,-325,3210.72,0.00
640,3230,-428,3223.88,0.00
641,3267,-429,3237.04,0.00
642,3152,-396,3250.20,0.00
643,3124,-385,3263.36,0.00
644,3153,-361,3276.52,0.00
645,3221,-382,3289.68,0.00
646,3235,-407,3302.84,0.00
647,3220,-358,3316.00,0.00
648,3171,-310,3329.16,0.00
649,3186,-336,3342.32,0.00
650,3173,-328,3355.48,0.00
651,3245,-325,3368.64,0.00
652,3255,-283,3381.80,0.00
653,3245,-266,3394.96,0.00
654,3271,-250,3408.12,0.00
655,3308,-315,3421.28,0.00
656,3275,-226,3434.44,0.00
657,3286,-209,3447.60,0.00
658,3270,-190,3460.76,0.00
659,3282,-178,3473.92,0.00
660,3260,-142,3487.08,0.00
661,3270,-164,3500.24,0.00
662,3330,-193,3513.40,0.00
663,3366,-178,3526.56,0.00
664,3361,-195,3539.72,0.00
665,3440,-265,3552.88,0.00
666,3479,-285,3566.04,0.00
667,3447,-256,3579.20,0.00
668,3457,-207,3592.36,0.00
669,3467,-221,3605.52,0.00
670,3514,-245,3618.68,0.00
671,3533,-240,3631.84,0.00
672,3533,-233,3645.00,0.00
673,3553,-245,3658.16,0.00
674,3530,-266,3671.32,0.00
675,3561,-266,3684.48,0.00
676,3592,-213,3697.64,0.00
677,3661,-358,3710.80,0.00
678,3624,-280,3723.96,0.00
679,3628,-263,3737.12,0.00
680,3636,-248,3750.28,0.00
681,3608,-265,3763.44,0.00
682,3745,-386,3776.60,0.00
683,3632,-229,3789.76,0.00
684,3667,-258,3802.92,0.00
685,3653,-209,3816.08,0.00
686,3675,-171,3829.24,0.00
687,3673,-146,3842.40,0.00
688,3706,-201,3855.56,0.00
689,3752,-181,3868.72,0.00
690,3737,-157,3881.88,0.00
691,3767,-175,3895.04,0.00
692,3742,-209,3908.20,0.00
693,3768,-168,3921.36,0.00
694,3763,-187,3934.52,0.00
695,3768,-187,3947.68,0.00
696,3796,-221,3960.84,0.00
697,3825,-218,3974.00,0.00
698,3833,-242,3987.16,0.00
699,3832,-261,4000.32,0.00
700,3839,-221,4013.48,0.00
701,3763,-226,4026.64,0.00
702,3839,-234,4039.80,0.00
703,3910,-262,4052.96,0.00
704,3749,-258,4066.12,0.00
705,3894,-281,4079.28,0.00
706,3873,-290,4092.44,0.00
707,3860,-291,4105.60,0.00
708,4034,-330,4118.76,0.00
709,4011,-331,4131.92,0.00
710,4002,-383,4145.08,0.00
711,4027,-310,4158.24,0.00
712,4053,-338,4171.40,0.00
713,4179,-165,4184.56,0.00
714,4071,-346,4197.72,0.00
715,4055,-289,4210.88,0.00
716,4059,-321,4224.04,0.00
717,4011,-310,4237.20,0.00
718,3998,-280,4250.36,0.00
719,3994,-288,4263.52,0.00
720,4033,-315,4276.68,0.00
721,4027,-276,4289.84,0.00
722,4038,-272,4303.00,0.00
723,4059,-280,4316.16,0.00
724,4063,-300,4329.32,0.00
725,4102,-273,4342.48,0.00
726,4225,-383,4355.64,0.00
727,4125,-296,4368.80,0.00
728,4151,-283,4381.96,0.00
729,4025,-231,4395.12,0.00
730,4193,-253,4408.28,0.00
731,4245,-304,4421.44,0.00
732,4263,-288,4434.60,0.00
733,4243,-287,4447.76,0.00
734,4242,-327,4460.92,0.00
735,4270,-258,4474.08,0.00
736,4293,-302,4487.24,0.00
737,4283,-343,4500.40,0.00
738,4325,-277,4513.56,0.00
739,4346,-295,4526.72,0.00
740,4361,-276,4539.88,0.00
741,4377,-279,4553.04,0.00
742,4344,-283,4566.20,0.00
743,4371,-268,4579.36,0.00
744,4372,-361,4592.52,0.00
745,4424,-313,4605.68,0.00
746,4448,-321,4618.84,0.00
747,4430,-293,4632.00,0.00
748,4425,-293,4645.16,0.00
749,4457,-323,4658.32,0.00
750,4479,-316,4671.48,0.00
751,4473,-320,4684.64,0.00
752,4499,-340,4697.80,0.00
753,4508,-324,4710.96,0.00
754,4531,-319,4724.12,0.00
755,4549,-308,4737.28,0.00
756,4543,-333,4750.44,0.00
757,4411,-280,4763.60,0.00
758,4595,-334,4776.76,0.00
759,4604,-334,4789.92,0.00
760,4596,-423,4803.08,0.00
761,4647,-358,4816.24,0.00
762,4656,-362,4829.40,0.00
763,4651,-382,4842.56,0.00
764,4704,-376,4855.72,0.00
765,4737,-408,4868.88,0.00
766,4756,-403,4882.04,0.00
767,4873,-185,4895.20,0.00
768,4819,-306,4908.36,0.00
769,4832,-314,4921.52,0.00
770,4772,-495,4934.68,0.00
771,4822,-351,4947.84,0.00
772,4746,-479,4961.00,0.00
773,4899,-195,4974.16,0.00
774,4957,-204,4987.32,0.00
775,4982,-211,5000.48,0.00
776,5004,-254,5013.64,0.00
777,4972,-274,5026.80,0.00
778,5031,-245,5039.96,0.00
779,4997,-225,5053.12,0.00
780,4975,-206,5066.28,0.00
781,4988,-216,5079.44,0.00
782,5009,-201,5092.60,0.00
783,5027,-133,5105.76,0.00
784,5052,-125,5118.92,0.00
785,5090,-142,5132.08,0.00
786,5112,-164,5145.24,0.00
787,5099,-178,5158.40,0.00
788,5031,-207,5171.56,0.00
789,5076,-248,5184.72,0.00
790,5093,-306,5197.88,0.00
791,5070,-330,5211.04,0.00
792,5088,-391,5224.20,0.00
793,5101,-391,5237.36,0.00
794,5330,-530,5250.52,0.00
795,5167,-446,5263.68,0.00
796,5256,-480,5276.84,0.00
797,5267,-462,5290.00,0.00
798,5393,-241,5303.16,0.00
799,5375,-213,5316.32,0.00
800,5413,-231,5329.48,0.00
801,5434,-269,5342.64,0.00
802,5395,-272,5355.80,0.00
803,5343,-308,5368.96,0.00
804,5321,-339,5382.12,0.00
805,5321,-394,5395.28,0.00
806,5334,-269,5408.44,0.00
807,5355,-378,5421.60,0.00
808,5342,-187,5434.76,0.00
809,5469,-44,5447.92,0.00
810,5392,-200,5461.08,0.00
811,5402,-203,5474.24,0.00
812,5415,-232,5487.40,0.00
813,5454,-208,5500.56,0.00
814,5465,-263,5513.72,0.00
815,5450,-276,5526.88,0.00
816,5457,-291,5540.04,0.00
817,5350,-298,5553.20,0.00
818,5505,-280,5566.36,0.00
819,5514,-285,5579.52,0.00
820,5537,-279,5592.68,0.00
821,5636,-249,5605.84,0.00
822,5642,-220,5619.00,0.00
823,5660,-236,5632.16,0.00
824,5611,-238,5645.32,0.00
825,5660,-121,5658.48,0.00
826,5672,-244,5671.64,0.00
827,5665,-197,5684.80,0.00
828,5619,-190,5697.96,0.00
829,5755,-177,5711.12,0.00
830,5700,-214,5724.28,0.00
831,5726,-264,5737.44,0.00
832,5744,-285,5750.60,0.00
833,5735,-292,5763.76,0.00
834,5697,-307,5776.92,0.00
835,5708,-326,5790.08,0.00
836,5777,-268,5803.24,0.00
837,5793,-257,5816.40,0.00
838,5728,-251,5829.56,0.00
839,5760,-247,5842.72,0.00
840,5728,-279,5855.88,0.00
841,5776,-228,5869.04,0.00
842,5817,-215,5882.20,0.00
843,5856,-179,5895.36,0.00
844,5893,-195,5908.52,0.00
845,5958,-170,5921.68,0.00
846,5927,-154,5934.84,0.00
847,5903,-168,5948.00,0.00
848,5842,-285,5961.16,0.00
849,5923,-409,5974.32,0.00
850,5949,-299,5987.48,0.00
851,6048,-291,6000.64,0.00
852,6007,-250,6000.00,0.00
853,6007,-256,6008.73,0.08
854,5971,-338,6017.45,0.30
855,6054,-290,6026.17,0.69
856,6018,-306,6034.88,1.22
857,6137,-206,6043.58,1.90
858,6154,-223,6052.26,2.74
859,5949,-238,6060.93,3.73
860,5960,-227,6069.59,4.87
861,6010,-237,6078.22,6.16
862,6048,-107,6086.82,7.60
863,6009,-326,6095.40,9.19
864,6008,-365,6103.96,10.93
865,5975,-326,6112.48,12.81
866,5996,-329,6120.96,14.85
867,5983,-333,6129.41,17.04
868,6004,-439,6137.82,19.37
869,6082,-301,6146.19,21.85
870,6080,-292,6154.51,24.47
871,6004,-329,6162.78,27.24
872,6094,-289,6171.01,30.15
873,6115,-275,6179.18,33.21
874,6100,-228,6187.30,36.41
875,6097,-274,6195.37,39.75
876,6110,-289,6203.37,43.23
877,6159,-266,6211.31,46.85
878,6152,-297,6219.19,50.60
879,6225,-30,6227.00,54.50
880,6204,-77,6234.74,58.53
881,6193,-101,6242.40,62.69
882,6175,-97,6250.00,66.99
883,6223,-143,6257.52,71.42
884,6177,-122,6264.96,75.98
885,6210,-121,6272.32,80.66
886,6246,-113,6279.60,85.48
887,6175,-106,6286.79,90.42
888,6229,-105,6293.89,95.49
889,6196,-128,6300.91,100.68
890,6217,-147,6307.83,105.99
891,6250,-102,6314.66,111.43
892,6276,-86,6321.39,116.98
893,6330,-107,6328.03,122.65
894,6283,-120,6334.57,128.43
895,6414,-68,6341.00,134.32
896,6535,-26,6347.33,140.33
897,6490,-31,6353.55,146.45
898,6510,-9,6359.67,152.67
899,6471,-9,6365.68,159.00
900,6531,19,6371.57,165.43
901,6550,31,6377.35,171.97
902,6601,66,6383.02,178.61
903,6543,45,6388.57,185.34
904,6539,75,6394.01,192.17
905,6591,62,6399.32,199.09
906,6590,59,6404.51,206.11
907,6643,120,6409.58,213.21
908,6624,121,6414.52,220.40
909,6506,188,6419.34,227.68
910,6490,164,6424.02,235.04
911,6500,186,6428.58,242.48
912,6508,224,6433.01,250.00
913,6622,225,6437.31,257.60
914,6669,240,6441.47,265.26
915,6737,413,6445.50,273.00
916,6738,318,6449.40,280.81
917,6858,265,6453.15,288.69
918,6750,317,6456.77,296.63
919,6690,323,6460.25,304.63
920,6660,344,6463.59,312.70
921,6657,340,6466.79,320.82
922,6793,374,6469.85,328.99
923,6636,357,6472.76,337.22
924,6600,371,6475.53,345.49
925,6554,369,6478.15,353.81
926,6556,379,6480.63,362.18
927,6559,327,6482.96,370.59
928,6577,365,6485.15,379.04
929,6586,303,6487.19,387.52
930,6571,284,6489.07,396.04
931,6569,305,6490.81,404.60
932,6517,267,6492.40,413.18
933,6575,138,6493.84,421.78
934,6513,184,6495.13,430.41
935,6521,182,6496.27,439.07
936,6540,205,6497.26,447.74
937,6593,210,6498.10,456.42
938,6603,236,6498.78,465.12
939,6641,390,6499.31,473.83
940,6592,306,6499.70,482.55
941,6536,272,6499.92,491.27
942,6651,296,6500.00,500.00
943,6673,352,6499.92,508.73
944,6606,318,6499.70,517.45
945,6618,324,6499.31,526.17
946,6658,324,6498.78,534.88
947,6673,365,6498.10,543.58
948,6943,567,6497.26,552.26
949,6726,408,6496.27,560.93
950,6714,454,6495.13,569.59
951,6767,471,6493.84,578.22
952,6692,449,6492.40,586.82
953,6883,560,6490.81,595.40
954,6705,461,6489.07,603.96
955,6702,504,6487.19,612.48
956,6683,488,6485.15,620.96
957,6672,476,6482.96,629.41
958,6710,521,6480.63,637.82
959,6665,550,6478.15,646.19
960,6659,538,6475.53,654.51
961,6681,551,6472.76,662.78
962,6657,551,6469.85,671.01
963,6665,563,6466.79,679.18
964,6666,578,6463.59,687.30
965,6606,617,6460.25,695.37
966,6536,643,6456.77,703.37
967,6552,664,6453.15,711.31
968,6541,677,6449.40,719.19
969,6489,672,6445.50,727.00
970,6748,624,6441.47,734.74
971,6699,619,6437.31,742.40
972,6672,659,6433.01,750.00
973,6697,644,6428.58,757.52
974,6637,677,6424.02,764.96
975,6930,838,6419.34,772.32
976,6582,667,6414.52,779.60
977,6518,681,6409.58,786.79
978,6542,702,6404.51,793.89
979,6509,629,6399.32,800.91
980,6511,689,6394.01,807.83
981,6504,724,6388.57,814.66
982,6501,743,6383.02,821.39
983,6509,745,6377.35,828.03
984,6465,717,6371.57,834.57
985,6393,745,6365.68,841.00
986,6443,723,6359.67,847.33
987,6485,756,6353.55,853.55
988,6524,777,6347.33,859.67
989,6433,744,6341.00,865.68
990,6397,737,6334.57,871.57
991,6374,761,6328.03,877.35
992,6433,782,6321.39,883.02
993,6372,771,6314.66,888.57
994,6340,787,6307.83,894.01
995,6378,798,6300.91,899.32
996,6381,791,6293.89,904.51
997,6380,734,6286.79,909.58
998,6359,779,6279.60,914.52
999,6355,775,6272.32,919.34
1000,6347,782,6264.96,924.02
1001,6318,786,6257.52,928.58
1002,6268,819,6250.00,933.01
1003,6281,836,6242.40,937.31
1004,6249,815,6234.74,941.47
1005,6239,851,6227.00,945.50
1006,6231,877,6219.19,949.40
1007,6161,836,6211.31,953.15
1008,6151,848,6203.37,956.77
1009,6141,862,6195.37,960.25
1010,6129,892,6187.30,963.59
1011,6149,881,6179.18,966.79
1012,6124,869,6171.01,969.85
1013,6102,869,6162.78,972.76
1014,6142,866,6154.51,975.53
1015,6124,866,6146.19,978.15
1016,6163,854,6137.82,980.63
1017,6098,835,6129.41,982.96
1018,6077,837,6120.96,985.15
1019,6053,815,6112.48,987.19
1020,6089,854,6103.96,989.07
1021,6093,736,6095.40,990.81
1022,6071,764,6086.82,992.40
1023,6065,781,6078.22,993.84
1024,6071,792,6069.59,995.13
1025,6030,787,6060.93,996.27
1026,5991,715,6052.26,997.26
1027,6007,749,6043.58,998.10
1028,6009,771,6034.88,998.78
1029,6041,802,6026.17,999.31
1030,6031,814,6017.45,999.70
1031,6036,848,6008.73,999.92
1032,5996,788,6000.00,1000.00
1033,6022,782,5986.84,1000.00
1034,5988,772,5973.68,1000.00
1035,5969,748,5960.52,1000.00
1036,5978,793,5947.36,1000.00
1037,5978,812,5934.20,1000.00
1038,5966,795,5921.04,1000.00
1039,5932,811,5907.88,1000.00
1040,5890,777,5894.72,1000.00
1041,5892,765,5881.56,1000.00
1042,5909,772,5868.40,1000.00
1043,5871,784,5855.24,1000.00
1044,5866,747,5842.08,1000.00
1045,5861,669,5828.92,1000.00
1046,5789,697,5815.76,1000.00
1047,5803,667,5802.60,1000.00
1048,5796,696,5789.44,1000.00
1049,5756,683,5776.28,1000.00
1050,5755,670,5763.12,1000.00
1051,5710,691,5749.96,1000.00
1052,5687,715,5736.80,1000.00
1053,5699,695,5723.64,1000.00
1054,5644,666,5710.48,1000.00
1055,5656,545,5697.32,1000.00
1056,5666,605,5684.16,1000.00
1057,5647,683,5671.00,1000.00
1058,5628,766,5657.84,1000.00
1059,5639,773,5644.68,1000.00
1060,5614,749,5631.52,1000.00
1061,5654,747,5618.36,1000.00
1062,5625,734,5605.20,1000.00
1063,5577,717,5592.04,1000.00
1064,5552,761,5578.88,1000.00
1065,5577,751,5565.72,1000.00
1066,5555,778,5552.56,1000.00
1067,5564,804,5539.40,1000.00
1068,5515,813,5526.24,1000.00
1069,5528,795,5513.08,1000.00
1070,5353,763,5499.92,1000.00
1071,5533,735,5486.76,1000.00
1072,5489,730,5473.60,1000.00
1073,5482,693,5460.44,1000.00
1074,5500,793,5447.28,1000.00
1075,5461,736,5434.12,1000.00
1076,5460,770,5420.96,1000.00
1077,5455,802,5407.80,1000.00
1078,5442,795,5394.64,1000.00
1079,5436,797,5381.48,1000.00
1080,5420,778,5368.32,1000.00
1081,5411,756,5355.16,1000.00
1082,5417,770,5342.00,1000.00
1083,5385,768,5328.84,1000.00
1084,5377,784,5315.68,1000.00
1085,5329,757,5302.52,1000.00
1086,5330,785,5289.36,1000.00
1087,5356,763,5276.20,1000.00
1088,5296,812,5263.04,1000.00
1089,5293,792,5249.88,1000.00
1090,5279,790,5236.72,1000.00
1091,5287,879,5223.56,1000.00
1092,5230,788,5210.40,1000.00
1093,5224,803,5197.24,1000.00
1094,5190,796,5184.08,1000.00
1095,5166,808,5170.92,1000.00
1096,5201,817,5157.76,1000.00
1097,5007,813,5144.60,1000.00
1098,5130,778,5131.44,1000.00
1099,5160,797,5118.28,1000.00
1100,5124,781,5105.12,1000.00
1101,5245,686,5091.96,1000.00
1102,5111,820,5078.80,1000.00
1103,5097,807,5065.64,1000.00
1104,5055,814,5052.48,1000.00
1105,4986,790,5000.00,1000.00
1106,4887,826,4990.24,1000.05
1107,4945,808,4980.49,1000.19
1108,4884,821,4970.73,1000.43
1109,4871,790,4960.98,1000.76
1110,4887,763,4951.24,1001.19
1111,4840,793,4941.49,1001.71
1112,4848,774,4931.76,1002.33
1113,4829,823,4922.03,1003.04
1114,4806,782,4912.30,1003.85
1115,4778,787,4902.59,1004.76
1116,4783,813,4892.88,1005.75
1117,4794,778,4883.19,1006.85
1118,4760,785,4873.51,1008.03
1119,4760,753,4863.83,1009.31
1120,4759,795,4854.17,1010.69
1121,4757,788,4844.53,1012.16
1122,4760,758,4834.90,1013.72
1123,4768,771,4825.28,1015.38
1124,4755,748,4815.69,1017.13
1125,4699,782,4806.11,1018.98
1126,4718,773,4796.54,1020.92
1127,4706,770,4787.00,1022.95
1128,4680,810,4777.48,1025.07
1129,4683,783,4767.98,1027.29
1130,4653,776,4758.50,1029.60
1131,4694,734,4749.04,1032.00
1132,4638,766,4739.61,1034.50
1133,4646,714,4730.20,1037.08
1134,4641,715,4720.82,1039.76
1135,4638,737,4711.47,1042.53
1136,4621,811,4702.14,1045.39
1137,4613,820,4692.84,1048.34
1138,4659,865,4683.57,1051.38
1139,4631,842,4674.33,1054.52
1140,4660,817,4665.12,1057.74
1141,4587,808,4646.80,1064.45
1142,4610,848,4637.69,1067.94
1143,4596,839,4628.61,1071.52
1144,4573,861,4619.57,1075.19
1145,4566,849,4610.57,1078.95
1146,4590,781,4601.60,1082.79
1147,4567,732,4592.67,1086.72
1148,4571,727,4583.78,1090.74
1149,4651,604,4574.93,1094.84
1150,4530,822,4566.12,1099.03
1151,4539,841,4557.35,1103.31
1152,4589,830,4548.62,1107.67
1153,4507,902,4539.93,1112.11
1154,4505,968,4531.29,1116.65
1155,4590,836,4522.70,1121.26
1156,4686,654,4514.15,1125.96
1157,4524,797,4505.64,1130.74
1158,4525,887,4497.19,1135.61
1159,4423,1022,4488.78,1140.55
1160,4507,856,4480.42,1145.58
1161,4350,1146,4472.10,1150.69
1162,4350,1144,4463.84,1155.88
1163,4364,1070,4455.63,1161.15
1164,4304,1038,4447.48,1166.50
1165,4352,1043,4439.37,1171.93
1166,4385,1064,4431.32,1177.44
1167,4371,1086,4423.32,1183.03
1168,4319,1237,4415.38,1188.70
1169,4334,1191,4407.49,1194.44
1170,4372,1126,4399.66,1200.26
1171,4337,1130,4391.88,1206.15
1172,4316,1119,4384.17,1212.12
1173,4294,1175,4376.51,1218.17
1174,4308,1155,4368.91,1224.29
1175,4302,1196,4361.37,1230.48
1176,4300,1181,4353.90,1236.75
1177,4280,1140,4346.48,1243.09
1178,4282,1097,4339.13,1249.50
1179,4323,1034,4331.84,1255.99
1180,4351,1016,4324.61,1262.54
1181,4280,1106,4317.45,1269.16
1182,4400,980,4310.35,1275.86
1183,4384,1002,4303.32,1282.62
1184,4405,1031,4296.35,1289.45
1185,4510,1107,4289.45,1296.35
1186,4438,1057,4282.62,1303.32
1187,4448,999,4275.86,1310.35
1188,4470,993,4269.16,1317.45
1189,4546,1024,4262.54,1324.61
1190,4550,978,4255.99,1331.84
1191,4493,987,4249.50,1339.13
1192,4513,1013,4243.09,1346.48
1193,4599,1026,4236.75,1353.90
1194,4485,1040,4230.48,1361.37
1195,4465,990,4224.29,1368.91
1196,4506,959,4218.17,1376.51
1197,4543,961,4212.12,1384.17
1198,4567,889,4206.15,1391.88
1199,4562,844,4200.26,1399.66
1200,3992,1277,4188.70,1415.38
1201,4018,1418,4183.03,1423.32
1202,4018,1429,4177.44,1431.32
1203,4338,866,4171.93,1439.37
1204,4003,1481,4166.50,1447.48
1205,4004,1412,4161.15,1455.63
1206,4022,1458,4155.88,1463.84
1207,4025,1549,4150.69,1472.10
1208,4039,1536,4145.58,1480.42
1209,4052,1558,4140.55,1488.78
1210,4036,1524,4135.61,1497.19
1211,4005,1527,4130.74,1505.64
1212,4009,1562,4125.96,1514.15
1213,4030,1552,4121.26,1522.70
1214,4040,1561,4116.65,1531.29
1215,4064,1552,4112.11,1539.93
1216,4099,1618,4107.67,1548.62
1217,4077,1680,4103.31,1557.35
1218,4155,2342,4099.03,1566.12
1219,4105,1573,4094.84,1574.93
1220,4122,1620,4090.74,1583.78
1221,4786,789,4086.72,1592.67
1222,4216,1708,4082.79,1601.60
1223,4205,1754,4078.95,1610.57
1224,4197,1814,4075.19,1619.57
1225,4082,1960,4071.52,1628.61
1226,4847,810,4067.94,1637.69
1227,4193,1688,4064.45,1646.80
1228,4009,1655,4061.05,1655.94
1229,4041,1656,4057.74,1665.12
1230,4076,1707,4054.52,1674.33
1231,3869,1728,4051.38,1683.57
1232,3873,1767,4048.34,1692.84
1233,3821,1776,4045.39,1702.14
1234,3892,1730,4042.53,1711.47
1235,3971,1769,4039.76,1720.82
1236,3984,1826,4037.08,1730.20
1237,4005,1817,4034.50,1739.61
1238,4032,1813,4032.00,1749.04
1239,3842,1899,4029.60,1758.50
1240,3824,2025,4027.29,1767.98
1241,3855,1941,4025.07,1777.48
1242,3852,1924,4022.95,1787.00
1243,4290,1077,4020.92,1796.54
1244,4320,1080,4018.98,1806.11
1245,4323,1125,4017.13,1815.69
1246,4279,1135,4015.38,1825.28
1247,4321,1022,4013.72,1834.90
1248,4245,1153,4012.16,1844.53
1249,4063,1840,4010.69,1854.17
1250,3960,1928,4009.31,1863.83
1251,4015,1910,4008.03,1873.51
1252,3965,1968,4006.85,1883.19
1253,4107,1629,4005.75,1892.88
1254,4357,1261,4004.76,1902.59
1255,4332,1346,4003.85,1912.30
1256,4304,1387,4003.04,1922.03
1257,4236,1529,4002.33,1931.76
1258,4208,1587,4001.71,1941.49
1259,4210,1600,4001.19,1951.24
1260,4212,1616,4000.76,1960.98
1261,4209,1678,4000.43,1970.73
1262,4153,1813,4000.19,1980.49
1263,4135,1846,4000.05,1990.24
1264,4005,2196,4000.00,2000.00
1265,3993,2192,4000.00,2013.16
1266,3993,2177,4000.00,2026.32
1267,4028,2166,4000.00,2039.48
1268,3923,2323,4000.00,2052.64
1269,4058,2121,4000.00,2065.80
1270,4056,2096,4000.00,2078.96
1271,4066,2066,4000.00,2092.12
1272,4067,2080,4000.00,2105.28
1273,4105,2066,4000.00,2118.44
1274,4069,2134,4000.00,2131.60
1275,4054,2144,4000.00,2144.76
1276,4000,2308,4000.00,2157.92
1277,4069,2183,4000.00,2171.08
1278,4026,2251,4000.00,2184.24
1279,3989,2343,4000.00,2197.40
1280,4034,2327,4000.00,2210.56
1281,4038,2328,4000.00,2223.72
1282,4025,2352,4000.00,2236.88
1283,3964,2458,4000.00,2250.04
1284,4029,2367,4000.00,2263.20
1285,4041,2365,4000.00,2276.36
1286,4123,2307,4000.00,2289.52
1287,4062,2335,4000.00,2302.68
1288,4077,2358,4000.00,2315.84
1289,4069,2387,4000.00,2329.00
1290,4074,2438,4000.00,2342.16
1291,3979,2218,4000.00,2355.32
1292,4020,2485,4000.00,2368.48
1293,4032,2488,4000.00,2381.64
1294,4039,2493,4000.00,2394.80
1295,4015,2520,4000.00,2407.96
1296,4082,2717,4000.00,2421.12
1297,4027,2556,4000.00,2434.28
1298,4034,2565,4000.00,2447.44
1299,4032,2574,4000.00,2460.60
1300,4070,2460,4000.00,2473.76
1301,4082,2447,4000.00,2486.92
1302,4045,2598,4000.00,2500.08
1303,4056,2578,4000.00,2513.24
1304,4039,2641,4000.00,2526.40
1305,4033,2680,4000.00,2539.56
1306,4022,2696,4000.00,2552.72
1307,4019,2740,4000.00,2565.88
1308,4000,2780,4000.00,2579.04
1309,4006,2804,4000.00,2592.20
1310,3999,2827,4000.00,2605.36
1311,4034,2707,4000.00,2618.52
1312,4013,2784,4000.00,2631.68
1313,4033,2845,4000.00,2644.84
1314,4058,2718,4000.00,2658.00
1315,4063,2792,4000.00,2671.16
1316,4051,2818,4000.00,2684.32
1317,4115,2998,4000.00,2697.48
1318,4036,2873,4000.00,2710.64
1319,4014,2865,4000.00,2723.80
1320,4001,2867,4000.00,2736.96
1321,3984,2888,4000.00,2750.12
1322,3986,2971,4000.00,2763.28
1323,3999,2942,4000.00,2776.44
1324,4075,3184,4000.00,2789.60
1325,4014,2963,4000.00,2802.76
1326,4006,2970,4000.00,2815.92
1327,4105,3257,4000.00,2829.08
1328,4006,2925,4000.00,2842.24
1329,4001,2962,4000.00,2855.40
1330,4027,2992,4000.00,2868.56
1331,4005,3020,4000.00,2881.72
1332,4023,3034,4000.00,2894.88
1333,4001,3023,4000.00,2908.04
1334,4027,3046,4000.00,2921.20
1335,4028,2961,4000.00,2934.36
1336,4028,3051,4000.00,2947.52
1337,4180,2714,4000.00,2960.68
1338,4019,3034,4000.00,2973.84
1339,4167,2692,4000.00,2987.00
1340,3928,2702,4000.00,3000.16
1341,3960,3121,4000.00,3000.00
1342,3951,3263,3999.92,3012.77
1343,3915,3356,3999.67,3025.54
1344,3734,3519,3999.27,3038.30
1345,3891,3358,3998.70,3051.06
1346,3892,3401,3997.96,3063.81
1347,3884,3417,3997.07,3076.55
1348,3882,3476,3996.01,3089.28
1349,3892,3397,3994.79,3101.99
1350,3888,3535,3993.40,3114.68
1351,4079,3638,3991.86,3127.36
1352,3916,3575,3990.15,3140.02
1353,3948,3502,3988.28,3152.65
1354,3928,3488,3986.25,3165.26
1355,3982,3412,3984.06,3177.84
1356,3928,3454,3981.71,3190.39
1357,3889,3432,3979.20,3202.91
1358,3864,3408,3976.53,3215.40
1359,3887,3479,3973.70,3227.85
1360,3844,3481,3970.71,3240.27
1361,3830,3506,3967.56,3252.65
1362,3826,3519,3964.25,3264.98
1363,3809,3498,3960.79,3277.27
1364,3837,3492,3957.17,3289.52
1365,3843,3580,3953.40,3301.72
1366,3838,3610,3949.47,3313.87
1367,3860,3692,3945.38,3325.97
1368,3857,3685,3941.14,3338.02
1369,3856,3641,3936.75,3350.01
1370,3822,3766,3932.20,3361.94
1371,3816,3808,3927.50,3373.82
1372,3824,3815,3922.65,3385.63
1373,3748,3824,3917.65,3397.38
1374,3874,3816,3912.50,3409.07
1375,3768,3511,3907.21,3420.69
1376,3760,3411,3901.76,3432.24
1377,3789,3911,3896.17,3443.72
1378,3771,3884,3890.43,3455.13
1379,3770,3930,3884.54,3466.46
1380,3761,3921,3878.51,3477.72
1381,3757,3936,3872.34,3488.90
1382,3700,3891,3866.03,3500.00
1383,3594,3304,3859.57,3511.02
1384,3586,3349,3852.97,3521.95
1385,3711,3779,3846.24,3532.80
1386,3790,3878,3839.37,3543.57
1387,3697,3876,3832.36,3554.24
1388,3671,3857,3825.21,3564.83
1389,3618,3916,3817.93,3575.32
1390,3613,3957,3810.52,3585.72
1391,3641,3821,3802.97,3596.02
1392,3553,3961,3795.29,3606.23
1393,3560,3951,3787.49,3616.33
1394,3572,3897,3779.55,3626.34
1395,3575,3910,3771.49,3636.24
1396,3550,3975,3763.30,3646.04
1397,3600,3956,3754.99,3655.74
1398,3654,3922,3746.55,3665.33
1399,3699,3835,3738.00,3674.81
1400,3718,3836,3729.32,3684.17
1401,3673,3651,3720.52,3693.43
1402,3472,3667,3711.61,3702.58
1403,3532,3764,3702.58,3711.61
1404,3536,3796,3693.43,3720.52
1405,3521,3944,3684.17,3729.32
1406,3525,3980,3674.81,3738.00
1407,3419,4389,3665.33,3746.55
1408,3493,4005,3655.74,3754.99
1409,3485,4021,3646.04,3763.30
1410,3490,4043,3636.24,3771.49
1411,3462,4041,3626.34,3779.55
1412,3393,4039,3616.33,3787.49
1413,3347,4065,3606.23,3795.29
1414,3403,4059,3596.02,3802.97
1415,3351,4123,3585.72,3810.52
1416,3424,4096,3564.83,3825.21
1417,3441,4122,3554.24,3832.36
1418,3403,4114,3543.57,3839.37
1419,3421,4099,3532.80,3846.24
1420,3381,4151,3521.95,3852.97
1421,3385,4173,3511.02,3859.57
1422,3362,4154,3500.00,3866.03
1423,3354,4130,3488.90,3872.34
1424,3375,4103,3477.72,3878.51
1425,3335,4148,3466.46,3884.54
1426,3307,4158,3455.13,3890.43
1427,3335,4147,3443.72,3896.17
1428,3351,4140,3432.24,3901.76
1429,3120,2984,3420.69,3907.21
1430,3228,4161,3409.07,3912.50
1431,2914,2457,3397.38,3917.65
1432,3178,4163,3385.63,3922.65
1433,3197,4133,3373.82,3927.50
1434,3176,4090,3361.94,3932.20
1435,3166,4172,3350.01,3936.75
1436,3178,4091,3338.02,3941.14
1437,3206,4140,3325.97,3945.38
1438,3231,4281,3313.87,3949.47
1439,3224,4127,3301.72,3953.40
1440,3047,4824,3289.52,3957.17
1441,3415,4111,3277.27,3960.79
1442,3192,4345,3264.98,3964.25
1443,3573,4584,3252.65,3967.56
1444,3333,4753,3240.27,3970.71
1445,3145,4182,3227.85,3973.70
1446,3157,4319,3215.40,3976.53
1447,3123,4224,3202.91,3979.20
1448,3113,4053,3190.39,3981.71
1449,3063,4049,3177.84,3984.06
1450,3063,4015,3165.26,3986.25
1451,3215,4661,3152.65,3988.28
1452,3258,4831,3140.02,3990.15
1453,3083,4228,3127.36,3991.86
1454,3084,4215,3114.68,3993.40
1455,2792,2438,3101.99,3994.79
1456,3052,4216,3089.28,3996.01
1457,3011,4179,3076.55,3997.07
1458,2988,4110,3063.81,3997.96
1459,3013,4196,3051.06,3998.70
1460,2985,4133,3038.30,3999.27
1461,2960,4122,3025.54,3999.67
1462,3019,4040,3012.77,3999.92
1463,3017,4108,3000.00,4000.00
1464,3010,4043,2986.84,4000.00
1465,3042,4010,2973.68,4000.00
1466,2952,4024,2960.52,4000.00
1467,2886,4030,2947.36,4000.00
1468,2870,4063,2934.20,4000.00
1469,2864,3991,2921.04,4000.00
1470,3016,4066,2907.88,4000.00
1471,3033,3986,2894.72,4000.00
1472,3020,3995,2881.56,4000.00
1473,2977,4057,2868.40,4000.00
1474,2924,4086,2855.24,4000.00
1475,2724,4017,2842.08,4000.00
1476,2892,4037,2828.92,4000.00
1477,2916,4058,2815.76,4000.00
1478,2856,4045,2802.60,4000.00
1479,2785,3986,2789.44,4000.00
1480,2775,3997,2776.28,4000.00
1481,2914,4002,2763.12,4000.00
1482,2781,3998,2749.96,4000.00
1483,2782,4040,2736.80,4000.00
1484,2774,4056,2723.64,4000.00
1485,2746,4111,2710.48,4000.00
1486,2732,4071,2697.32,4000.00
1487,2739,4060,2684.16,4000.00
1488,2717,4102,2671.00,4000.00
1489,2692,4161,2657.84,4000.00
1490,2708,4115,2644.68,4000.00
1491,2453,2478,2631.52,4000.00
1492,2700,4097,2618.36,4000.00
1493,2666,4136,2605.20,4000.00
1494,2667,4187,2592.04,4000.00
1495,2340,2414,2578.88,4000.00
1496,2594,4179,2565.72,4000.00
1497,2607,4152,2552.56,4000.00
1498,2575,4146,2539.40,4000.00
1499,2561,4148,2526.24,4000.00
1500,2516,4111,2513.08,4000.00
1501,2482,4220,2499.92,4000.00
1502,2496,4145,2486.76,4000.00
1503,2474,4157,2473.60,4000.00
1504,2418,4186,2460.44,4000.00
1505,2389,4163,2447.28,4000.00
1506,2425,4128,2434.12,4000.00
1507,2419,4056,2420.96,4000.00
1508,2398,4073,2407.80,4000.00
1509,2415,4067,2394.64,4000.00
1510,2640,4054,2381.48,4000.00
1511,2366,4092,2368.32,4000.00
1512,2615,4124,2355.16,4000.00
1513,2383,4123,2342.00,4000.00
1514,2429,4093,2328.84,4000.00
1515,2436,4035,2315.68,4000.00
1516,2288,4038,2302.52,4000.00
1517,2373,4081,2289.36,4000.00
1518,2323,4198,2276.20,4000.00
1519,2321,4126,2263.04,4000.00
1520,2306,4193,2249.88,4000.00
1521,2302,4253,2236.72,4000.00
1522,2256,4248,2223.56,4000.00
1523,2169,4331,2210.40,4000.00
1524,2197,4297,2197.24,4000.00
1525,2179,4277,2184.08,4000.00
1526,2079,3684,2170.92,4000.00
1527,2126,4277,2157.76,4000.00
1528,2114,4233,2131.44,4000.00
1529,2099,4181,2118.28,4000.00
1530,2096,4200,2105.12,4000.00
1531,2118,4159,2091.96,4000.00
1532,2122,4140,2078.80,4000.00
1533,2089,4127,2065.64,4000.00
1534,2109,4128,2052.48,4000.00
1535,2111,4209,2039.32,4000.00
1536,2064,4159,2026.16,4000.00
1537,2134,4485,2013.00,4000.00
1538,2071,4223,1999.84,4000.00
1539,2037,4277,2000.00,4000.00
